location,source,target,ID,fuzzy,context,translator_comments,developer_comments
routes/$lang+/analytics+/disaster-events.tsx:1164,Affected areas/zones,,analysis.affected_areas_zones,,,,
frontend/analytics/hazards/sections/HazardImpactMap.tsx:201,Affected people,,analysis.affected_people,,,,Label for affected people
components/CustomMap.tsx:170,Affected Population,,analysis.affected_population,,,,
frontend/analytics/hazards/sections/HumanAffects.tsx:291,Affected Population Icon,,analysis.affected_population_icon,,,,Alt text for the icon that represents the affected population
routes/$lang+/analytics+/disaster-events.tsx:652,Affiliated record(s),,analysis.affiliated_records,,,,
frontend/analytics/hazards/sections/HumanAffects.tsx:421,Distribution of affected people by age group,,analysis.age_group_distribution_tooltip,,,,
routes/$lang+/analytics+/disaster-events.tsx:593,Apply filters,,analysis.apply_filters,,,,
frontend/analytics/hazards/sections/HazardFilters.tsx:305,Apply Filters,,analysis.apply_filters,,,,Button label to apply selected filters
routes/$lang+/analytics+/disaster-events.tsx:1405,Apply filters,,analysis.apply_filters,,,,
frontend/analytics/hazards/sections/HazardFilters.tsx:300,Applying...,,analysis.applying_filters,,,,Button label while filters are being applied
frontend/analytics/sectors/sections/EffectDetails.tsx:206,Loading data,,analysis.aria_label_loading_data,,,,
frontend/analytics/sectors/sections/EffectDetails.tsx:256,Asset,,analysis.asset,,,,
routes/$lang+/analytics+/disaster-events.sector.tsx:373,Asset,,analysis.asset,,,,
routes/$lang+/analytics+/disaster-events.sector.tsx:372,Asset,,analysis.asset,,,,
frontend/analytics/hazards/sections/HumanAffects.tsx:415,"Children, adults, and seniors affected",,analysis.children_adults_and_seniors_affected,,,,
routes/$lang+/analytics+/disaster-events.tsx:1111,"Children, adults, and seniors affected",,analysis.children_adults_and_seniors_affected,,,,
routes/$lang+/analytics+/disaster-events.tsx:601,Clear,,analysis.clear,,,,
routes/$lang+/analytics+/disaster-events.tsx:1412,Clear,,analysis.clear,,,,
routes/$lang+/analytics+/disaster-events.tsx:1274,Damage,,analysis.damage,,,,
routes/$lang+/analytics+/disaster-events.sector.tsx:366,Damage ID,,analysis.damage_id,,,,
routes/$lang+/analytics+/disaster-events.sector.tsx:365,Damage ID,,analysis.damage_id,,,,
frontend/analytics/sectors/sections/EffectDetails.tsx:249,Damages,,analysis.damages,,,,
routes/$lang+/analytics+/disaster-events.sector.tsx:355,Damages,,analysis.damages,,,,
routes/$lang+/analytics+/disaster-events.sector.tsx:338,Damages,,analysis.damages,,,,
frontend/analytics/sectors/sections/EffectDetails.tsx:241,Damages,,analysis.damages,,,,
frontend/analytics/hazards/sections/DamagesAndLoses.tsx:49,Damages and loses,,analysis.damages_and_losses,,,,
frontend/analytics/sectors/sections/ImpactByHazard.tsx:584,Damages by Hazard Type,,analysis.damages_by_hazard_type,,,,
frontend/analytics/sectors/sections/ImpactByHazard.tsx:599,Damages by Hazard Type,,analysis.damages_by_hazard_type,,,,
frontend/analytics/sectors/sections/ImpactByHazard.tsx:574,Damages by Hazard Type,,analysis.damages_by_hazard_type,,,,
frontend/analytics/sectors/sections/ImpactOnSector.tsx:437,"This dashboard shows the aggregated impact data for the selected sector, including all its subsectors.",,analysis.dashboard_description,,,,Describes the purpose of the dashboard: it shows aggregated impact data for the selected sector and all its subsectors.
routes/$lang+/analytics+/sectors.tsx:847,Data shown is based on published records,,analysis.data_based_on_published_records,,,,
routes/$lang+/analytics+/disaster-events.tsx:1431,Data shown is based on published records,,analysis.data_based_on_published_records,,,,
components/CustomMap.tsx:797,"This could mean either no impacts were recorded, or the data is still being processed.",,analysis.data_not_recorded_or_still_processing,,,,
frontend/analytics/sectors/sections/ImpactOnSector.tsx:277,The system encountered an issue with the date format. Please contact your administrator to resolve this database issue.,,analysis.date_format_error_database,,,,Error message shown when the system encounters an invalid date format in the database. Indicates a backend or data configuration issue that requires admin intervention.
frontend/analytics/hazards/sections/HumanAffects.tsx:150,Dead Icon,,analysis.dead_icon,,,,Alt text for the icon that represents a deceased person
routes/$lang+/analytics+/disaster-events.tsx:836,Death,,analysis.death,,,,
frontend/analytics/hazards/sections/HumanAffects.tsx:123,Deaths,,analysis.deaths,,,,
frontend/analytics/sectors/sections/EffectDetails.tsx:328,Description,,analysis.description,,,,
frontend/analytics/sectors/sections/EffectDetails.tsx:386,Description,,analysis.description,,,,
routes/$lang+/analytics+/disaster-events.tsx:1347,Details of effects,,analysis.details_of_effects,,,,
frontend/analytics/hazards/sections/HumanAffects.tsx:391,Distribution of affected people by disability and poverty status,,analysis.disability_poverty_distribution_tooltip,,,,
routes/$lang+/analytics+/disaster-events.tsx:567,Disaster event,,analysis.disaster_event,,,,
routes/$lang+/analytics+/disaster-events.tsx:551,Disaster Events Analysis,,analysis.disaster_events_analysis,,,,
frontend/analytics/sectors/sections/ImpactOnSector.tsx:449,Disaster events impacting sectors,,analysis.disaster_events_impacting_sectors,,,,Title indicating that the following content shows disaster events affecting sectors
routes/$lang+/analytics+/disaster-events.sector.tsx:455,Disaster Record ID,,analysis.disaster_record_id,,,,
routes/$lang+/analytics+/disaster-events.sector.tsx:361,Disaster Record ID,,analysis.disaster_record_id,,,,
routes/$lang+/analytics+/disaster-events.sector.tsx:530,Disaster Record ID,,analysis.disaster_record_id,,,,
routes/$lang+/analytics+/disaster-events.sector.tsx:453,Disaster Record ID,,analysis.disaster_record_id,,,,
routes/$lang+/analytics+/disaster-events.sector.tsx:363,Disaster Record ID,,analysis.disaster_record_id,,,,
routes/$lang+/analytics+/disaster-events.sector.tsx:531,Disaster Record ID,,analysis.disaster_record_id,,,,
frontend/analytics/hazards/sections/DisasterEventsList.tsx:52,Damages,,analysis.disaster_summary.damages,,,,
frontend/analytics/hazards/sections/DisasterEventsList.tsx:48,Event name,,analysis.disaster_summary.event_name,,,,
frontend/analytics/hazards/sections/DisasterEventsList.tsx:53,Losses,,analysis.disaster_summary.losses,,,,
frontend/analytics/hazards/sections/DisasterEventsList.tsx:54,People Affected,,analysis.disaster_summary.people_affected,,,,
frontend/analytics/hazards/sections/DisasterEventsList.tsx:51,Province Affected,,analysis.disaster_summary.province_affected,,,,
frontend/analytics/hazards/sections/HumanAffects.tsx:306,Displaced,,analysis.displaced,,,,
routes/$lang+/analytics+/disaster-events.tsx:962,Displaced,,analysis.displaced,,,,
components/CustomMap.tsx:178,Displaced People,,analysis.displaced_people,,,,
routes/$lang+/analytics+/disaster-events.sector.tsx:533,Disruption ID,,analysis.disruption_id,,,,
routes/$lang+/analytics+/disaster-events.sector.tsx:534,Disruption ID,,analysis.disruption_id,,,,
frontend/analytics/sectors/sections/EffectDetails.tsx:379,Disruptions,,analysis.disruptions,,,,
routes/$lang+/analytics+/disaster-events.sector.tsx:526,Disruptions,,analysis.disruptions,,,,
frontend/analytics/sectors/sections/EffectDetails.tsx:371,Disruptions,,analysis.disruptions,,,,
routes/$lang+/analytics+/disaster-events.sector.tsx:509,Disruptions,,analysis.disruptions,,,,
frontend/analytics/sectors/sections/ImpactMap.tsx:222,Distribution of impacts across different geographic levels,,analysis.distribution_of_impacts_geographic_levels,,,,
frontend/analytics/sectors/sections/EffectDetails.tsx:393,Duration (Days),,analysis.duration_days,,,,
routes/$lang+/analytics+/disaster-events.sector.tsx:540,Duration (days),,analysis.duration_days,,,,
routes/$lang+/analytics+/disaster-events.sector.tsx:539,Duration (days),,analysis.duration_days,,,,
routes/$lang+/analytics+/disaster-events.sector.tsx:543,Duration (hours),,analysis.duration_hours,,,,
routes/$lang+/analytics+/disaster-events.sector.tsx:542,Duration (hours),,analysis.duration_hours,,,,
frontend/analytics/sectors/sections/EffectDetails.tsx:124,Effect Details,,analysis.effect_details,,,,
frontend/analytics/sectors/sections/EffectDetails.tsx:158,Effect Details,,analysis.effect_details,,,,
frontend/analytics/sectors/sections/EffectDetails.tsx:189,"View detailed information about damages, losses, and disruptions in the selected sector.",,analysis.effect_details_description,,,,
frontend/analytics/hazards/sections/ImpactByHazard.tsx:44,End,,analysis.end,,,,
frontend/analytics/sectors/sections/Filters.tsx:122,Error Loading Sectors,,analysis.error_loading_sectors,,,,
frontend/analytics/hazards/sections/ImpactByHazard.tsx:156,Events over time,,analysis.events_over_time,,,,
frontend/analytics/sectors/sections/ImpactOnSector.tsx:500,Events over time,,analysis.events_over_time,,,,
frontend/analytics/sectors/sections/ImpactOnSector.tsx:508,Distribution of events over time showing frequency and patterns,,analysis.events_over_time_tooltip,,,,
frontend/analytics/sectors/sections/ImpactMap.tsx:207,Failed to fetch geographic data,,analysis.failed_to_fetch_geographic_data,,,,
frontend/analytics/sectors/sections/ImpactByHazard.tsx:354,Failed to load hazard impact data,,analysis.failed_to_load_hazard_impact_data,,,,
frontend/analytics/sectors/sections/Filters.tsx:123,Failed to load sector data. Please try again later.,,analysis.failed_to_load_sector_data,,,,
components/CustomMap.tsx:154,Fatalities,,analysis.fatalities,,,,
frontend/analytics/hazards/sections/HumanAffects.tsx:356,Distribution of affected people by gender,,analysis.gender_distribution_tooltip,,,,Tooltip explaining that the chart shows the distribution of affected people by gender
frontend/analytics/hazards/sections/HazardImpactMap.tsx:116,Geographic Impact View,,analysis.geographic_impact_view,,,,
frontend/analytics/sectors/sections/ImpactMap.tsx:230,Geographic Impact View,,analysis.geographic_impact_view,,,,
frontend/analytics/hazards/sections/HazardFilters.tsx:223,Geographic Level,,analysis.geographic_level,,,,
frontend/analytics/sectors/sections/Filters.tsx:971,Geographic Level,,analysis.geographic_level,,,,
frontend/analytics/sectors/sections/Filters.tsx:978,Geographic Level,,analysis.geographic_level,,,,
frontend/analytics/sectors/sections/Filters.tsx:950,Hazard Cluster,,analysis.hazard_cluster,,,,
frontend/analytics/sectors/sections/ImpactByHazard.tsx:522,Analysis of how different hazards affect this sector,,analysis.hazard_impact_description,,,,
frontend/analytics/sectors/sections/Filters.tsx:940,Hazard Type,,analysis.hazard_type,,,,
routes/$lang+/analytics+/hazards.tsx:407,Hazards Analysis,,analysis.hazards_analysis,,,,
components/CustomMap.tsx:186,Homeless People,,analysis.homeless_people,,,,
frontend/analytics/hazards/sections/HumanAffects.tsx:87,Human direct effects,,analysis.human_direct_effects,,,,
routes/$lang+/analytics+/disaster-events.tsx:796,Human effects,,analysis.human_effects,,,,
routes/$lang+/analytics+/disaster-events.tsx:1121,"Children, adults, and seniors affected is the number of children, adults, and seniors who were affected by the disaster event.",,analysis.human_effects.children_adults_and_seniors_affected_tooltip,,,,
routes/$lang+/analytics+/disaster-events.tsx:845,Death is the number of people who died as a result of the disaster event.,,analysis.human_effects.death_tooltip,,,,
routes/$lang+/analytics+/disaster-events.tsx:972,Displaced is the number of people who were displaced as a result of the disaster event.,,analysis.human_effects.displaced_tooltip,,,,
routes/$lang+/analytics+/disaster-events.tsx:875,Injured is the number of people who were injured as a result of the disaster event.,,analysis.human_effects.injured_tooltip,,,,
routes/$lang+/analytics+/disaster-events.tsx:1015,Men and women affected is the number of men and women who were affected by the disaster event.,,analysis.human_effects.men_and_women_affected_tooltip,,,,
routes/$lang+/analytics+/disaster-events.tsx:903,Missing is the number of people who were missing as a result of the disaster event.,,analysis.human_effects.missing_tooltip,,,,
routes/$lang+/analytics+/disaster-events.tsx:940,People directly affected (old DesInventar) is the number of people who were directly affected by the disaster event.,,analysis.human_effects.people_directly_affected_tooltip,,,,
routes/$lang+/analytics+/disaster-events.tsx:1071,Persons with disabilities and living in poverty affected is the number of persons with disabilities and living in poverty who were affected by the disaster event.,,analysis.human_effects.persons_with_disabilities_and_living_in_poverty_affected_tooltip,,,,
routes/$lang+/analytics+/disaster-events.tsx:808,"Total people affected is the sum of injured, missing, directly affected people and displaced",,analysis.human_effects.total_people_affected_tooltip,,,,
frontend/analytics/sectors/sections/ImpactMap.tsx:160,Impact by Geographic Level,,analysis.impact_by_geographic_level,,,,
frontend/analytics/sectors/sections/ImpactMap.tsx:125,Impact by Geographic Level,,analysis.impact_by_geographic_level,,,,
frontend/analytics/sectors/sections/ImpactByHazard.tsx:412,Impact by Hazard Type,,analysis.impact_by_hazard_type,,,,
frontend/analytics/sectors/sections/ImpactByHazard.tsx:448,Impact by Hazard Type,,analysis.impact_by_hazard_type,,,,
frontend/analytics/hazards/sections/ImpactByHazard.tsx:54,impact summary,,analysis.impact_summary,,,,
routes/$lang+/analytics+/disaster-events.tsx:866,Injured,,analysis.injured,,,,
frontend/analytics/hazards/sections/HumanAffects.tsx:165,Injured,,analysis.injured,,,,
frontend/analytics/hazards/sections/HumanAffects.tsx:192,Injured Icon,,analysis.injured_icon,,,,Alt text for the icon that represents injured people
components/CustomMap.tsx:162,Injuries,,analysis.injuries,,,,
frontend/analytics/hazards/sections/HumanAffects.tsx:333,Internally displaced Icon,,analysis.internally_displaced_icon,,,,
frontend/analytics/sectors/sections/ImpactByHazard.tsx:373,Invalid data structure received from server,,analysis.invalid_data_structure,,,,
frontend/analytics/sectors/sections/ImpactByHazard.tsx:509,Invalid data structure received from server,,analysis.invalid_data_structure,,,,
frontend/analytics/hazards/sections/HazardImpactMap.tsx:68,Legend,,analysis.legend,,,,
frontend/analytics/sectors/sections/EffectDetails.tsx:198,Loading Data,,analysis.loading_data,,,,
frontend/analytics/sectors/sections/Filters.tsx:868,Loading sectors...,,analysis.loading_sectors,,,,
frontend/analytics/sectors/sections/EffectDetails.tsx:314,Losses,,analysis.losses,,,,
frontend/analytics/sectors/sections/EffectDetails.tsx:306,Losses,,analysis.losses,,,,
routes/$lang+/analytics+/disaster-events.tsx:1292,Losses,,analysis.losses,,,,
routes/$lang+/analytics+/disaster-events.sector.tsx:430,Losses,,analysis.losses,,,,
routes/$lang+/analytics+/disaster-events.sector.tsx:447,Losses,,analysis.losses,,,,
frontend/analytics/sectors/sections/ImpactByHazard.tsx:639,Losses by Hazard Type,,analysis.losses_by_hazard_type,,,,
frontend/analytics/sectors/sections/ImpactByHazard.tsx:624,Losses by Hazard Type,,analysis.losses_by_hazard_type,,,,
frontend/analytics/sectors/sections/ImpactByHazard.tsx:615,Losses by Hazard Type,,analysis.losses_by_hazard_type,,,,
routes/$lang+/analytics+/disaster-events.sector.tsx:459,Losses ID,,analysis.losses_id,,,,
routes/$lang+/analytics+/disaster-events.sector.tsx:458,Losses ID,,analysis.losses_id,,,,
routes/$lang+/analytics+/disaster-events.tsx:1005,Men and women affected,,analysis.men_and_women_affected,,,,
frontend/analytics/hazards/sections/HumanAffects.tsx:349,Men and women affected,,analysis.men_and_women_affected,,,,
routes/$lang+/analytics+/disaster-events.tsx:896,Missing,,analysis.missing,,,,
frontend/analytics/hazards/sections/HumanAffects.tsx:207,Missing,,analysis.missing,,,,Label for the number of missing people
frontend/analytics/hazards/sections/HumanAffects.tsx:239,Missing Icon,,analysis.missing_icon,,,,Alt text for the icon that represents missing persons
frontend/analytics/sectors/sections/MostDamagingEvents.tsx:165,The Most Damaging Events,,analysis.most_damaging_events,,,,
frontend/analytics/sectors/sections/MostDamagingEvents.tsx:159,The Most Damaging Events,,analysis.most_damaging_events,,,,
frontend/analytics/sectors/sections/MostDamagingEvents.tsx:123,Most Damaging Events,,analysis.most_damaging_events,,,,
frontend/analytics/sectors/sections/MostDamagingEvents.tsx:217,"Displays key disasters by damage, losses, and dates.",,analysis.most_damaging_events_description,,,,
frontend/analytics/sectors/sections/ImpactMap.tsx:201,No administrative divisions are available in the system. Please contact your administrator to set up geographic boundaries.,,analysis.no_admin_divisions_available,,,,
frontend/analytics/sectors/sections/EffectDetails.tsx:294,No damage records details available for the selected criteria.,,analysis.no_damage_records_details,,,,
routes/$lang+/analytics+/disaster-events.sector.tsx:342,No damages data available for the selected criteria.,,analysis.no_damages_data_for_criteria,,,,
frontend/analytics/hazards/sections/DamagesAndLoses.tsx:188,No data available,,analysis.no_data_available,,,,
frontend/analytics/sectors/sections/ImpactOnSector.tsx:320,No Data Available,,analysis.no_data_available,,,,Indicates that no data is available for the current selection or query
frontend/analytics/hazards/sections/ImpactByHazard.tsx:141,No data available,,analysis.no_data_available,,,,
frontend/analytics/hazards/sections/DamagesAndLoses.tsx:96,No data available,,analysis.no_data_available,,,,
routes/$lang+/analytics+/disaster-events.sector.tsx:513,No disruption data available for the selected criteria.,,analysis.no_disruption_data_for_criteria,,,,
frontend/analytics/sectors/sections/EffectDetails.tsx:432,No disruption records details available for the selected criteria.,,analysis.no_disruption_records_details,,,,
components/CustomMap.tsx:225,No economic impact,,analysis.no_economic_impact,,,,
frontend/analytics/sectors/sections/MostDamagingEvents.tsx:244,No events found for the selected filters.,,analysis.no_events_found_for_filters,,,,
components/CustomMap.tsx:779,No geographic data available,,analysis.no_geographic_data_available,,,,
frontend/analytics/sectors/sections/ImpactMap.tsx:278,No geographic data available for the selected filters.,,analysis.no_geographic_data_for_filters,,,,
components/CustomMap.tsx:786,No geographic impact data found for the selected filters. Try adjusting your selection.,,analysis.no_geographic_impact_data_found_for_filters,,,,
frontend/analytics/sectors/sections/ImpactOnSector.tsx:327,No impact data available for the selected filters.,,analysis.no_impact_data_for_filters,,,,Indicates that no impact data exists for the currently applied filters
frontend/analytics/sectors/sections/EffectDetails.tsx:359,No loss records details available for the selected criteria.,,analysis.no_loss_records_details,,,,
routes/$lang+/analytics+/disaster-events.sector.tsx:434,No losses data available for the selected criteria.,,analysis.no_losses_data_for_criteria,,,,
frontend/analytics/sectors/sections/Filters.tsx:1068,No matching events found,,analysis.no_matching_events_found,,,,
frontend/analytics/sectors/sections/ImpactOnSector.tsx:296,No Sector Selected,,analysis.no_sector_selected,,,,Indicates that the user has not selected any sector for analysis
frontend/analytics/sectors/sections/Filters.tsx:879,No sectors found in database,,analysis.no_sectors_found,,,,
frontend/analytics/hazards/sections/HazardImpactMap.tsx:216,Number of deaths,,analysis.number_of_deaths,,,,
frontend/analytics/hazards/sections/HazardImpactMap.tsx:186,Number of disaster event,,analysis.number_of_disaster_event,,,,
frontend/analytics/sectors/sections/ImpactByHazard.tsx:534,Number of Disaster Events,,analysis.number_of_disaster_events,,,,
frontend/analytics/sectors/sections/ImpactByHazard.tsx:543,Number of Disaster Events,,analysis.number_of_disaster_events,,,,
frontend/analytics/sectors/sections/ImpactByHazard.tsx:558,Number of Disaster Events,,analysis.number_of_disaster_events,,,,
components/CustomMap.tsx:194,Number of Events,,analysis.number_of_events,,,,
routes/$lang+/analytics+/disaster-events.sector.tsx:549,Number of people affected,,analysis.number_of_people_affected,,,,
routes/$lang+/analytics+/disaster-events.sector.tsx:548,Number of people affected,,analysis.number_of_people_affected,,,,
routes/$lang+/analytics+/disaster-events.sector.tsx:546,Number of users affected,,analysis.number_of_users_affected,,,,
routes/$lang+/analytics+/disaster-events.sector.tsx:545,Number of users affected,,analysis.number_of_users_affected,,,,
frontend/analytics/sectors/sections/EffectDetails.tsx:407,People Affected,,analysis.people_affected,,,,
routes/$lang+/analytics+/disaster-events.tsx:931,People directly affected (old DesInventar),,analysis.people_directly_affected,,,,
frontend/analytics/hazards/sections/HumanAffects.tsx:257,People directly affected,,analysis.people_directly_affected,,,,Label for people directly affected by the hazard
frontend/analytics/hazards/sections/HumanAffects.tsx:381,Persons with disabilities and living in poverty affected,,analysis.persons_with_disabilities_and_living_in_poverty_affected,,,,
routes/$lang+/analytics+/disaster-events.tsx:1061,Persons with disabilities and living in poverty affected,,analysis.persons_with_disabilities_and_living_in_poverty_affected,,,,
components/CustomMap.tsx:790,Please select appropriate filters to view geographic impact data.,,analysis.please_select_filters_to_view_geographic_impact,,,,
routes/$lang+/analytics+/disaster-events.sector.tsx:470,Private Cost,,analysis.private_cost,,,,
frontend/analytics/sectors/sections/EffectDetails.tsx:342,Private Cost,,analysis.private_cost,,,,
routes/$lang+/analytics+/disaster-events.sector.tsx:471,Private Cost,,analysis.private_cost,,,,
routes/$lang+/analytics+/disaster-events.sector.tsx:467,Public Cost,,analysis.public_cost,,,,
frontend/analytics/sectors/sections/EffectDetails.tsx:335,Public Cost,,analysis.public_cost,,,,
routes/$lang+/analytics+/disaster-events.sector.tsx:468,Public Cost,,analysis.public_cost,,,,
frontend/analytics/sectors/sections/EffectDetails.tsx:277,Recovery,,analysis.recovery,,,,
routes/$lang+/analytics+/disaster-events.sector.tsx:382,Recovery Cost,,analysis.recovery_cost,,,,
routes/$lang+/analytics+/disaster-events.sector.tsx:381,Recovery,,analysis.recovery_cost,,,,
routes/$lang+/analytics+/disaster-events.tsx:1310,Recovery need,,analysis.recovery_need,,,,
frontend/analytics/sectors/sections/EffectDetails.tsx:270,Repair/Replacement,,analysis.repair_replacement,,,,
routes/$lang+/analytics+/disaster-events.sector.tsx:379,Repair/Replacement Cost,,analysis.repair_replacement_cost,,,,
routes/$lang+/analytics+/disaster-events.sector.tsx:378,Repair/Replacement,,analysis.repair_replacement_cost,,,,
frontend/analytics/sectors/sections/EffectDetails.tsx:414,Response Cost,,analysis.response_cost,,,,
routes/$lang+/analytics+/disaster-events.sector.tsx:551,Response cost,,analysis.response_cost,,,,
routes/$lang+/analytics+/disaster-events.sector.tsx:552,Response cost,,analysis.response_cost,,,,
frontend/analytics/sectors/sections/Filters.tsx:979,Type to search by geographic level...,,analysis.search_by_geographic_level_placeholder,,,,
frontend/analytics/sectors/sections/Filters.tsx:951,Type to search by hazard cluster...,,analysis.search_by_hazard_cluster_placeholder,,,,
frontend/analytics/sectors/sections/Filters.tsx:941,Type to search by hazard type...,,analysis.search_by_hazard_type_placeholder,,,,
frontend/analytics/sectors/sections/Filters.tsx:961,Type to search by specific hazard...,,analysis.search_by_specific_hazard_placeholder,,,,
frontend/analytics/sectors/sections/Filters.tsx:1024,Search for disaster events,,analysis.search_disaster_events,,,,
frontend/analytics/sectors/sections/Filters.tsx:853,Sector,,analysis.sector,,,,
routes/$lang+/analytics+/disaster-events.tsx:1355,Sector,,analysis.sector,,,,
routes/$lang+/analytics+/disaster-events.sector.tsx:461,Sector classification,,analysis.sector_classification,,,,
routes/$lang+/analytics+/disaster-events.sector.tsx:537,Sector classification,,analysis.sector_classification,,,,
routes/$lang+/analytics+/disaster-events.sector.tsx:369,Sector classification,,analysis.sector_classification,,,,
routes/$lang+/analytics+/disaster-events.sector.tsx:536,Sector classification,,analysis.sector_classification,,,,
routes/$lang+/analytics+/disaster-events.sector.tsx:462,Sector classification,,analysis.sector_classification,,,,
routes/$lang+/analytics+/disaster-events.sector.tsx:370,Sector classification,,analysis.sector_classification,,,,
frontend/analytics/sectors/sections/ImpactOnSector.tsx:259,"This dashboard shows the aggregated impact data for the selected sector, including all its subsectors.",,analysis.sector_dashboard_description,,,,Description of the sector impact dashboard. Explains that the data is aggregated for the selected sector and includes all subsectors.
frontend/analytics/sectors/sections/ImpactOnSector.tsx:214,Sector Impact Analysis,,analysis.sector_impact_analysis,,,,Title for the sector impact analysis page or section
frontend/analytics/sectors/sections/ImpactOnSector.tsx:176,Sector Impact Analysis,,analysis.sector_impact_analysis,,,,
routes/$lang+/analytics+/sectors.tsx:703,Sectors Analysis,,analysis.sectors,,,,
routes/$lang+/analytics+/hazards.tsx:451,Please select and apply filters above to view the analysis.,,analysis.select_and_apply_filters,,,,
routes/$lang+/analytics+/sectors.tsx:747,Please select and apply filters above to view the analysis.,,analysis.select_and_apply_filters,,,,
routes/$lang+/analytics+/disaster-events.tsx:637,Please select and apply filters above to view the analysis.,,analysis.select_and_apply_filters_above,,,,
frontend/analytics/hazards/sections/HazardFilters.tsx:177,Select a hazard cluster,,analysis.select_hazard_cluster,,,,
frontend/analytics/hazards/sections/HazardFilters.tsx:80,Please select a hazard type first.,,analysis.select_hazard_type_first,,,,
routes/$lang+/analytics+/disaster-events.tsx:1365,Select Sector,,analysis.select_sector,,,,
frontend/analytics/sectors/sections/Filters.tsx:872,Select Sector,,analysis.select_sector,,,,
frontend/analytics/sectors/sections/Filters.tsx:662,Please select a sector first.,,analysis.select_sector_first,,,,
routes/$lang+/analytics+/disaster-events.tsx:1386,Select Sector First,,analysis.select_sector_first,,,,
frontend/analytics/sectors/sections/Filters.tsx:912,Select Sector First,,analysis.select_sector_first,,,,
frontend/analytics/sectors/sections/ImpactByHazard.tsx:335,Please select a sector to view hazard impact data.,,analysis.select_sector_to_view_hazard_impact,,,,
frontend/analytics/sectors/sections/ImpactOnSector.tsx:304,Please select a sector to view impact data.,,analysis.select_sector_to_view_impact,,,,Instruction to the user to select a sector in order to see impact data
frontend/analytics/hazards/sections/HazardFilters.tsx:205,Select a specific hazard,,analysis.select_specific_hazard,,,,
frontend/analytics/sectors/sections/Filters.tsx:911,Select Sub Sector,,analysis.select_sub_sector,,,,
frontend/analytics/sectors/sections/Filters.tsx:960,Specific Hazard,,analysis.specific_hazard,,,,
frontend/analytics/hazards/sections/HazardFilters.tsx:192,Specific Hazard,,analysis.specific_hazard,,,,
frontend/analytics/hazards/sections/ImpactByHazard.tsx:40,Start,,analysis.start,,,,
frontend/analytics/sectors/sections/Filters.tsx:898,Sub Sector,,analysis.sub_sector,,,,
routes/$lang+/analytics+/disaster-events.tsx:1378,Sub Sector,,analysis.sub_sector,,,,
routes/$lang+/analytics+/disaster-events.tsx:1211,Total Affected,,analysis.total_affected,,,,
routes/$lang+/analytics+/disaster-events.tsx:1248,Total Damage,,analysis.total_damage,,,,
routes/$lang+/analytics+/disaster-events.tsx:349,Total Damage,,analysis.total_damage,,,,
frontend/analytics/sectors/sections/EffectDetails.tsx:263,Total Damage,,analysis.total_damage,,,,
frontend/analytics/sectors/sections/ImpactMap.tsx:59,Total Damages,,analysis.total_damages,,,,
frontend/analytics/sectors/sections/MostDamagingEvents.tsx:274,Total Damages,,analysis.total_damages,,,,
frontend/analytics/hazards/sections/DamagesAndLoses.tsx:72,Total monetary value of damages caused by hazards,,analysis.total_damages_monetary_value_tooltip,,,,Tooltip for the monetary value of total damages caused by hazards
frontend/analytics/sectors/sections/ImpactOnSector.tsx:459,Total number of disaster events that have impacted this sector,,analysis.total_disaster_events_impacting_sector,,,,Tooltip explaining that the value represents the total number of disaster events that have impacted the sector
components/CustomMap.tsx:137,Total Economic Damage,,analysis.total_economic_damage,,,,
components/CustomMap.tsx:145,Total Economic Losses,,analysis.total_economic_losses,,,,
frontend/analytics/hazards/sections/ImpactByHazard.tsx:108,Total events nationwide,,analysis.total_events_in_all_country,,,,Label for total events across the entire country â€“ used when no geographic region is selected
routes/$lang+/analytics+/disaster-events.tsx:332,Total Losses,,analysis.total_losses,,,,
frontend/analytics/sectors/sections/MostDamagingEvents.tsx:287,Total Losses,,analysis.total_losses,,,,
frontend/analytics/sectors/sections/ImpactMap.tsx:67,Total Losses,,analysis.total_losses,,,,
frontend/analytics/hazards/sections/DamagesAndLoses.tsx:164,Total monetary value of losses caused by hazards,,analysis.total_losses_monetary_value_tooltip,,,,Tooltip explaining that the value is the total monetary value of losses caused by hazards
routes/$lang+/analytics+/disaster-events.sector.tsx:375,Total number of assets,,analysis.total_number_of_assets,,,,
routes/$lang+/analytics+/disaster-events.sector.tsx:376,Number of assets,,analysis.total_number_of_assets,,,,
frontend/analytics/hazards/sections/HumanAffects.tsx:129,Total number of deaths,,analysis.total_number_of_deaths,,,,
frontend/analytics/hazards/sections/HumanAffects.tsx:312,Total number of displaced people,,analysis.total_number_of_displaced,,,,
frontend/analytics/hazards/sections/HumanAffects.tsx:171,Total number of injured,,analysis.total_number_of_injured,,,,
frontend/analytics/hazards/sections/HumanAffects.tsx:217,Total number of missing persons,,analysis.total_number_of_missing,,,,Tooltip explaining that this is the total number of missing persons
routes/$lang+/analytics+/disaster-events.tsx:801,Total people affected,,analysis.total_people_affected,,,,
frontend/analytics/hazards/sections/HumanAffects.tsx:95,Total people affected,,analysis.total_people_affected,,,,
routes/$lang+/analytics+/disaster-events.tsx:315,Total People Affected,,analysis.total_people_affected,,,,
frontend/analytics/hazards/sections/HumanAffects.tsx:101,"Total people affected is the sum of injured, missing, directly affected people and displaced",,analysis.total_people_affected_tooltip,,,,"Tooltip explaining that total people affected is the sum of injured, missing, directly affected people and displaced"
frontend/analytics/hazards/sections/HumanAffects.tsx:269,Total number of people directly affected,,analysis.total_people_directly_affected,,,,Tooltip explaining that this is the total number of people directly affected
frontend/analytics/sectors/sections/EffectDetails.tsx:321,Type,,analysis.type,,,,
frontend/analytics/sectors/sections/EffectDetails.tsx:400,Users Affected,,analysis.users_affected,,,,
routes/$lang+/analytics+/disaster-events.sector.tsx:333,"View detailed information about damages, losses, and disruptions in the selected sector.",,analysis.view_detailed_info_sector,,,,
routes/$lang+/analytics+/disaster-events.tsx:658,View records,,analysis.view_records,,,,
routes/$lang+/analytics+/disaster-events.tsx:631,Welcome to the Disaster Events Dashboard! ðŸŒŸ,,analysis.welcome_disaster_events_dashboard,,,,
routes/$lang+/analytics+/hazards.tsx:446,Welcome to the Hazard Dashboard! ðŸŒŸ,,analysis.welcome_hazard_dashboard,,,,
routes/$lang+/analytics+/sectors.tsx:744,Welcome to the Sectors Dashboard! ðŸŒŸ,,analysis.welcome_to_sectors_dashboard,,,,
frontend/analytics/sectors/sections/ImpactOnSector.tsx:569,Zero Impact (Confirmed),,analysis.zero_impact_confirmed,,,,
components/CustomMap.tsx:538,Zero Impact (Confirmed),,analysis.zero_impact_confirmed,,,,
frontend/analytics/sectors/sections/ImpactByHazard.tsx:549,Zero Impact (Confirmed),,analysis.zero_impact_confirmed,,,,
frontend/analytics/sectors/sections/ImpactByHazard.tsx:590,Zero Impact (Confirmed),,analysis.zero_impact_confirmed,,,,
frontend/analytics/sectors/sections/ImpactByHazard.tsx:630,Zero Impact (Confirmed),,analysis.zero_impact_confirmed,,,,
frontend/approval.ts:39,Draft,,approval_status.draft,,,,Approval status field: draft
frontend/approval.ts:30,Record Status,,approval_status.label,,,,Label for the approval status field
frontend/approval.ts:55,Needs revision,,approval_status.needs_revision,,,,Approval status field: needs revision
frontend/approval.ts:71,Published,,approval_status.published,,,,Approval status field: published
frontend/approval.ts:63,Validated,,approval_status.validated,,,,Approval status field: validated
frontend/approval.ts:47,Waiting for validation,,approval_status.waiting_for_validation,,,,Approval status field: waiting for validation
frontend/attachmentsView.tsx:22,Attachments,,attachments,,,,
frontend/disaster-record/form.tsx:169,Attachments,,attachments,,,,
frontend/attachmentsFormView.tsx:34,Attachments,,attachments,,,,Label for attachments section
frontend/attachmentsFormView.tsx:187,Enter URL,,attachments.enter_url,,,,Placeholder for URL input field
frontend/attachmentsFormView.tsx:81,File/URL,,attachments.file_or_url,,,,Label for file or URL field in attachments
frontend/attachmentsFormView.tsx:172,File Upload,,attachments.file_upload,,,,Label for file upload label
frontend/attachmentsFormView.tsx:181,Link,,attachments.link,,,,Label for link field
frontend/attachmentsFormView.tsx:144,Type,,attachments.type,,,,Label for attachment type selection
components/AuditLogHistory.tsx:46,Action Taken,,audit_log.action_taken,,,,Label for the action taken in the audit log
components/AuditLogHistory.tsx:53,By,,audit_log.by,,,,Label for the user who performed the action in the audit log
components/AuditLogHistory.tsx:67,Date,,audit_log.date,,,,Label for the date of the audit log entry
frontend/disaster-record/form.tsx:477,Audit Log History,,audit_log.history,,,,
frontend/events/hazardeventform.tsx:702,Audit Log History,,audit_log.history_title,,,,Title for the audit log history section
components/AuditLogHistory.tsx:60,Organisation,,audit_log.organisation,,,,Label for the organisation in the audit log
components/AuditLogHistory.tsx:74,Time,,audit_log.time,,,,Label for the time of the audit log entry
frontend/spatialFootprintFormView.tsx:127,Action,,common.action,,,,
frontend/attachmentsFormView.tsx:115,Action,,common.action,,,,Label for action
routes/$lang+/disaster-record+/edit.$id.tsx:673,Actions,,common.actions,,,,
routes/$lang+/disaster-record+/edit.$id.tsx:843,Actions,,common.actions,,,,Actions
routes/$lang+/disaster-record+/edit.$id.tsx:343,Actions,,common.actions,,,,
frontend/events/disastereventlist.tsx:74,Actions,,common.actions,,,,Label for action links/buttons
components/ContentRepeater/index.tsx:1400,Add,,common.add,,,,Label for add action
frontend/form.tsx:569,Add,,common.add,,,,Add
components/ContentRepeater/index.tsx:1474,Add New Item,,common.add_new_item,,,,Heading label for adding a new item
routes/$lang+/disaster-record+/edit.$id.tsx:595,Add new record,,common.add_new_record,,,,
routes/$lang+/disaster-record+/edit.$id.tsx:280,Add new record,,common.add_new_record,,,,
routes/$lang+/disaster-record+/edit.$id.tsx:810,Add new record,,common.add_new_record,,,,
components/ContentRepeater/index.tsx:1840,Apply,,common.apply,,,,Label for apply action
frontend/components/DisasterRecordsFilter.tsx:343,Apply filters,,common.apply_filters,,,,
frontend/components/list-page-disasterevents-filters.tsx:190,Apply filters,,common.apply_filters,,,,Button label to apply filters
frontend/analytics/sectors/sections/Filters.tsx:1099,Apply filters,,common.apply_filters,,,,
frontend/events/disastereventform.tsx:640,Attachments,,common.attachments,,,,Label for attachments
components/ContentRepeater/index.tsx:1847,Cancel,,common.cancel,,,,Label for cancel action
frontend/events/disastereventform.tsx:920,Change,,common.change,,,,Change
frontend/events/disastereventform.tsx:942,Change,,common.change,,,,Change
frontend/events/hazardeventform.tsx:500,Change,,common.change,,,,Label for change action link or button
frontend/analytics/sectors/sections/Filters.tsx:1092,Clear,,common.clear,,,,
frontend/components/list-page-disasterevents-filters.tsx:198,Clear,,common.clear,,,,Button label to clear filters or input
frontend/components/DisasterRecordsFilter.tsx:350,Clear,,common.clear,,,,
frontend/analytics/hazards/sections/HazardFilters.tsx:287,Clear,,common.clear,,,,Clear form data
components/ContentRepeater/index.tsx:1483,Close dialog,,common.close_dialog,,,,Label for closing the dialog
frontend/spatialFootprintFormView.tsx:268,Close dialog,,common.close_dialog,,,,Label for closing the dialog
routes/$lang+/disaster-record+/_index.tsx:74,Created,,common.created,,,,Creation date
frontend/analytics/sectors/sections/MostDamagingEvents.tsx:300,Created,,common.created,,,,
frontend/events/disastereventlist.tsx:62,Created,,common.created,,,,Label for creation date
frontend/disaster-record/form.tsx:416,Created at,,common.created_at,,,,Created date
frontend/events/disastereventform.tsx:458,Data source,,common.data_source,,,,Row label for data source column
frontend/events/disastereventform.tsx:451,Data Source,,common.data_source,,,,Label for data source field
frontend/events/disastereventform.tsx:163,Date,,common.date,,,,Label for date field
frontend/events/disastereventform.tsx:124,Date,,common.date,,,,Label for date field
frontend/events/disastereventform.tsx:202,Date,,common.date,,,,Label for date field
frontend/events/disastereventform.tsx:87,Date,,common.date,,,,Label for date field
frontend/events/disastereventform.tsx:240,Date,,common.date,,,,Label for date field
routes/$lang+/disaster-record+/edit.$id.tsx:769,Delete,,common.delete,,,,
routes/$lang+/disaster-record+/edit.$id.tsx:866,Delete,,common.delete,,,,Delete
routes/$lang+/disaster-record+/edit.$id.tsx:566,Delete,,common.delete,,,,
components/ContentRepeater/index.tsx:1350,Delete,,common.delete,,,,Label for delete action
routes/$lang+/analytics+/disaster-events.sector.tsx:465,Description,,common.description,,,,
frontend/events/disastereventform.tsx:184,Description,,common.description,,,,Label for description field
frontend/events/disastereventform.tsx:146,Description,,common.description,,,,Label for description field
routes/$lang+/analytics+/disaster-events.sector.tsx:464,Description,,common.description,,,,
frontend/events/disastereventform.tsx:70,Description,,common.description,,,,Label for description field
frontend/events/disastereventform.tsx:222,Description,,common.description,,,,Label for description field
frontend/events/hazardeventform.tsx:321,Discard,,common.discard,,,,Label for disregard action
routes/$lang+/disaster-record+/edit.$id.tsx:877,Edit,,common.edit,,,,Edit
frontend/form.tsx:1408,Edit,,common.edit,,,,Label for edit action button
routes/$lang+/disaster-record+/edit.$id.tsx:779,Edit,,common.edit,,,,
components/ContentRepeater/index.tsx:1364,Edit,,common.edit,,,,Label for edit action
components/ContentRepeater/index.tsx:1469,Edit Item,,common.edit_item,,,,Heading label for editing an item
frontend/analytics/hazards/sections/DisasterEventsList.tsx:50,End Date,,common.end_date,,,,
frontend/disaster-record/form.tsx:59,End Date,,common.end_date,,,,
frontend/events/disastereventform.tsx:320,End Date,,common.end_date,,,,Label for end date field
frontend/analytics/sectors/sections/EffectDetails.tsx:217,Error,,common.error,,,,
frontend/analytics/sectors/sections/MostDamagingEvents.tsx:235,Error loading data. Please try again.,,common.error_loading_data,,,,
frontend/analytics/sectors/sections/EffectDetails.tsx:226,Failed to load data,,common.failed_to_load_data,,,,
frontend/components/list-page-disasterevents-filters.tsx:116,From,,common.from_date,,,,From date label
frontend/analytics/sectors/sections/Filters.tsx:988,From,,common.from_date,,,,From date
frontend/components/DisasterRecordsFilter.tsx:206,From,,common.from_date,,,,From date
frontend/analytics/hazards/sections/HazardFilters.tsx:246,From,,common.from_date,,,,From date
frontend/analytics/sectors/sections/Filters.tsx:679,From date cannot be later than To date. Please adjust your date selection.,,common.from_date_cannot_be_later_than_to_date,,,,
frontend/analytics/sectors/sections/Filters.tsx:568,From date is later than To date. The To date has been cleared.,,common.from_date_later_than_to_date,,,,
frontend/form.tsx:1536,ID,,common.id,,,,Label for ID field
routes/$lang+/disaster-record+/edit.$id.tsx:822,ID,,common.id,,,,ID
routes/$lang+/disaster-record+/edit.$id.tsx:625,ID,,common.id,,,,
frontend/components/list-page-disasterevents-filters.tsx:40,Invalid Date Range,,common.invalid_date_range,,,,Summary label for date range error
frontend/components/DisasterRecordsFilter.tsx:116,Invalid Date Range,,common.invalid_date_range,,,,Summary label for date range error
frontend/disaster-record/form.tsx:149,Legacy Data,,common.legacy_data,,,,Label for legacy data field
frontend/events/disastereventform.tsx:630,Legacy Data,,common.legacy_data,,,,Label for legacy data field
frontend/disaster-record/form.tsx:287,Linking parameter,,common.linking_parameter,,,,
frontend/analytics/sectors/sections/Filters.tsx:1036,Loading...,,common.loading,,,,
frontend/analytics/sectors/sections/MostDamagingEvents.tsx:226,Loading data...,,common.loading_data,,,,
frontend/spatialFootprintFormView.tsx:235,Map Coordinates / Geographic Level,,common.map_coordinates_geographic_level,,,,Label for combined map coordinates and geographic level
frontend/analytics/sectors/sections/MostDamagingEvents.tsx:359,Next,,common.next,,,,
frontend/events/disastereventform.tsx:390,No,,common.no,,,,No (false)
frontend/analytics/sectors/sections/ImpactOnSector.tsx:480,No data,,common.no_data,,,,
components/MapChart.tsx:358,No Data,,common.no_data,,,,
components/CustomMap.tsx:241,No data,,common.no_data,,,,
frontend/analytics/sectors/sections/ImpactOnSector.tsx:579,No data available,,common.no_data_available,,,,
frontend/analytics/sectors/sections/ImpactOnSector.tsx:596,No data available,,common.no_data_available,,,,
components/EmptyChartPlaceholder.tsx:13,No data available,,common.no_data_available,,,,
components/CustomMap.tsx:522,No Data Available,,common.no_data_available,,,,
frontend/analytics/sectors/sections/ImpactByHazard.tsx:251,No data available,,common.no_data_available,,,,
frontend/analytics/sectors/sections/ImpactOnSector.tsx:485,No data available,,common.no_data_available,,,,
components/AreaChart.tsx:136,No data available,,common.no_data_available,,,,
frontend/analytics/hazards/sections/DamagesAndLoses.tsx:182,No data,,common.no_data_image_alt,,,,
frontend/analytics/hazards/sections/DamagesAndLoses.tsx:90,No data,,common.no_data_image_alt,,,,
frontend/analytics/hazards/sections/ImpactByHazard.tsx:135,No data,,common.no_data_image_alt,,,,
frontend/disaster-record/form.tsx:294,No link,,common.no_link,,,,
frontend/analytics/sectors/sections/Filters.tsx:838,No match found,,common.no_match_found,,,,
frontend/events/disastereventform.tsx:881,No link,,common.none,,,,No link
frontend/disaster-record/form.tsx:422,N/A,,common.not_available,,,,Not available
frontend/disaster-record/form.tsx:407,N/A,,common.not_available,,,,Not available
frontend/disaster-record/form.tsx:437,N/A,,common.not_available,,,,Not available
frontend/events/disastereventform.tsx:415,Official Warning,,common.official_warning,,,,Row label for official warning column
frontend/spatialFootprintView.tsx:68,Option,,common.option,,,,Table header label for option/action column
frontend/spatialFootprintFormView.tsx:93,Option,,common.option,,,,
frontend/events/disastereventform.tsx:833,Override,,common.override,,,,Label for override input
frontend/analytics/sectors/sections/MostDamagingEvents.tsx:349,Previous,,common.previous,,,,
routes/$lang+/disaster-record+/_index.tsx:49,Related Disaster Event,,common.related_disaster_event,,,,
frontend/form.tsx:1583,Save,,common.save,,,,Label for save button
frontend/form.tsx:1568,Save,,common.save,,,,Label for save button
frontend/events/hazardeventform.tsx:309,Save or Submit,,common.savesubmit,,,,Label for save submit action
frontend/components/DisasterRecordsFilter.tsx:191,Search for UUID,,common.search_uuid,,,,Placeholder for search by UUID input (UUID is specific ID type)
routes/$lang+/disaster-event+/picker.tsx:46,Select,,common.select,,,,Select
routes/$lang+/hazardous-event+/picker.tsx:57,Select,,common.select,,,,Label for select action
frontend/spatialFootprintFormView.tsx:216,Select,,common.select,,,,
frontend/components/DisasterRecordsFilter.tsx:215,Select date,,common.select_date,,,,Select date
frontend/components/list-page-disasterevents-filters.tsx:125,Select date,,common.select_date,,,,Placeholder for date input
frontend/components/list-page-disasterevents-filters.tsx:148,Select date,,common.select_date,,,,Placeholder for date input
frontend/components/DisasterRecordsFilter.tsx:239,Select date,,common.select_date,,,,Select date
frontend/analytics/hazards/sections/HazardFilters.tsx:236,Select Item,,common.select_item_placeholder,,,,
frontend/disaster-record/form.tsx:50,Start Date,,common.start_date,,,,
frontend/analytics/hazards/sections/DisasterEventsList.tsx:49,Start Date,,common.start_date,,,,
frontend/events/disastereventform.tsx:310,Start Date,,common.start_date,,,,Label for start date field
frontend/attachmentsFormView.tsx:134,Tags,,common.tags,,,,Label for tags
frontend/attachmentsFormView.tsx:56,Tags,,common.tags,,,,Label for tags
frontend/attachmentsFormView.tsx:48,Title,,common.title,,,,Label for title
frontend/spatialFootprintFormView.tsx:85,Title,,common.title,,,,
frontend/attachmentsFormView.tsx:125,Title,,common.title,,,,Label for title
frontend/spatialFootprintView.tsx:61,Title,,common.title,,,,Table header label for title/name column
frontend/spatialFootprintFormView.tsx:137,Title,,common.title,,,,
frontend/components/DisasterRecordsFilter.tsx:230,To,,common.to,,,,To date
frontend/analytics/sectors/sections/Filters.tsx:1004,To,,common.to_date,,,,To date
frontend/components/list-page-disasterevents-filters.tsx:139,To,,common.to_date,,,,To date label
frontend/analytics/hazards/sections/HazardFilters.tsx:263,To,,common.to_date,,,,To date
frontend/components/DisasterRecordsFilter.tsx:121,'To' date cannot be earlier than 'From' date.,,common.to_date_before_from_date,,,,Detail message explaining that 'To' date cannot be earlier than 'From' date
frontend/components/list-page-disasterevents-filters.tsx:45,'To' date cannot be earlier than 'From' date.,,common.to_date_before_from_date,,,,Detail message explaining that 'To' date cannot be earlier than 'From' date
frontend/analytics/hazards/sections/HazardFilters.tsx:96,The 'To' date cannot be earlier than the 'From' date.,,common.to_date_cannot_be_earlier_than_from_date,,,,
frontend/events/disastereventform.tsx:374,Unknown,,common.unknown,,,,Unknown (no value set)
frontend/events/hazardeventform.tsx:513,Unset,,common.unset,,,,Label for unset or clear value action
routes/$lang+/disaster-record+/_index.tsx:79,Updated,,common.updated,,,,Last updated date
frontend/events/disastereventlist.tsx:67,Updated,,common.updated,,,,Label for last update date
frontend/disaster-record/form.tsx:431,Updated at,,common.updated_at,,,,Last updated date
components/ContentRepeater/index.tsx:1728,"Uploading, please wait...",,common.uploading_please_wait,,,,Message shown while file is uploading
frontend/analytics/hazards/sections/DisasterEventsList.tsx:47,UUID,,common.uuid,,,,
frontend/form.tsx:1520,View,,common.view,,,,Label for view action
routes/$lang+/disaster-record+/edit.$id.tsx:515,Yes,,common.yes,,,,
routes/$lang+/disaster-record+/edit.$id.tsx:551,Yes,,common.yes,,,,
routes/$lang+/disaster-record+/edit.$id.tsx:372,Yes,,common.yes,,,,
routes/$lang+/disaster-record+/edit.$id.tsx:408,Yes,,common.yes,,,,
routes/$lang+/disaster-record+/edit.$id.tsx:443,Yes,,common.yes,,,,
routes/$lang+/disaster-record+/edit.$id.tsx:479,Yes,,common.yes,,,,
routes/$lang+/disaster-record+/edit.$id.tsx:753,Yes,,common.yes,,,,
routes/$lang+/disaster-record+/edit.$id.tsx:729,Yes,,common.yes,,,,
routes/$lang+/disaster-record+/edit.$id.tsx:695,Yes,,common.yes,,,,
frontend/events/disastereventform.tsx:382,Yes,,common.yes,,,,Yes (true)
frontend/events/disastereventform.tsx:934,Disaster Event,,disaster_event,,,,Disaster Event
frontend/events/disastereventlist.tsx:87,Disaster events,,disaster_event,,,,Label for disaster events
frontend/disaster-record/form.tsx:300,Disaster event,,disaster_event,,,,
frontend/events/disastereventform.tsx:1054,Disaster Event,,disaster_event,,,,Disaster Event
frontend/disaster-record/form.tsx:446,Disaster Event,,disaster_event,,,,
routes/$lang+/disaster-record+/_index.tsx:68,Disaster Event,,disaster_event,,,,
frontend/events/disastereventform.tsx:895,Disaster event,,disaster_event,,,,Disaster event
frontend/analytics/sectors/sections/Filters.tsx:1019,Disaster Event,,disaster_event,,,,
frontend/events/disastereventlist.tsx:110,Add new event,,disaster_event.add,,,,Label for a button that adds new disaster event
frontend/events/disastereventform.tsx:862,Add disaster event,,disaster_event.add,,,,Add disaster event
frontend/components/DisasterRecordsFilter.tsx:169,All disaster events,,disaster_event.all_disaster_events,,,,
frontend/events/disastereventlist.tsx:102,{totalItems} disaster events in {instanceName},,disaster_event.count_header,,,,"Header text showing total number of disaster events and instance name. {totalItems} is the number of events, {instanceName} is the name of the current instance."
frontend/events/disastereventform.tsx:502,Damages (subâ€‘total) - in monetary terms - local currency,,disaster_event.damages_subtotal_local_currency,,,,Label for damages subâ€‘total in local currency
frontend/events/disastereventform.tsx:364,Disaster Declaration,,disaster_event.disaster_declaration,,,,Label for disaster declaration field
frontend/events/disastereventform.tsx:114,Disaster declaration,,disaster_event.disaster_declaration,,,,Label for disaster declaration
frontend/events/disastereventform.tsx:398,Disaster Declaration,,disaster_event.disaster_declaration,,,,Label for disaster declaration row
frontend/events/disastereventform.tsx:107,Type and Effect,,disaster_event.disaster_declaration_type_and_effect,,,,Label for type and effect field in disaster declaration
frontend/components/DisasterRecordsFilter.tsx:183,Disaster record,,disaster_event.disaster_record,,,,
frontend/events/disastereventform.tsx:348,Duration (Days),,disaster_event.duration_days,,,,Label for duration field (in days)
frontend/events/disastereventform.tsx:353,Duration (of event direct effects) - in days,,disaster_event.duration_days_description,,,,Help text for duration field - duration of direct effects in days
frontend/events/disastereventform.tsx:77,Early Action,,disaster_event.early_action,,,,Label for early action
frontend/events/disastereventform.tsx:857,Edit disaster event,,disaster_event.edit,,,,Edit disaster event
frontend/events/disastereventform.tsx:483,Effects,,disaster_event.effects,,,,Row label for effects column
frontend/events/disastereventform.tsx:476,Effects (damages + losses) total (in monetary terms - USD),,disaster_event.effects_total_usd,,,,Label for total monetary effects (damages + losses) in USD
frontend/events/disastereventform.tsx:339,End Date in local format,,disaster_event.end_date_local,,,,Label for end date in local format
frontend/analytics/sectors/sections/Filters.tsx:181,Error Loading Events,,disaster_event.error_loading_events,,,,
frontend/analytics/sectors/sections/Filters.tsx:182,Failed to load disaster events. Please try again later.,,disaster_event.failed_to_load_events,,,,
frontend/events/disastereventform.tsx:285,GLIDE Number,,disaster_event.glide_number,,,,Label for GLIDE number field
frontend/events/disastereventform.tsx:295,Global/Regional Name,,disaster_event.global_regional_name,,,,Label for global or regional name field
frontend/events/disastereventform.tsx:300,Disaster event name in global or regional databases (if applicable),,disaster_event.global_regional_name_description,,,,Help text for global or regional name field
frontend/events/disastereventform.tsx:408,Was there an officially issued warning and/or weather advisory?,,disaster_event.had_official_warning_or_weather_advisory,,,,Label for the warning/advisory boolean field
frontend/events/disastereventform.tsx:561,Humanitarian needs - description,,disaster_event.humanitarian_needs_description,,,,Label for humanitarian needs description field
frontend/events/disastereventform.tsx:571,Humanitarian needs - total in local currency,,disaster_event.humanitarian_needs_local_currency,,,,Label for humanitarianâ€‘needs total in local currency
frontend/events/disastereventform.tsx:581,Humanitarian needs - total in USD,,disaster_event.humanitarian_needs_usd,,,,Label for humanitarian needs total in USD
frontend/events/disastereventform.tsx:873,Linking parameter,,disaster_event.linking_parameter,,,,Label for linking parameter
frontend/events/disastereventform.tsx:512,Losses (sub-total) - in monetary terms - USD,,disaster_event.losses_subtotal_usd,,,,Label for losses subâ€‘total in USD
frontend/events/disastereventlist.tsx:38,Disaster Event Name,,disaster_event.name,,,,Label for disaster event name field
frontend/components/DisasterRecordsFilter.tsx:160,Disaster event name,,disaster_event.name,,,,
frontend/components/list-page-disasterevents-filters.tsx:69,Disaster event name,,disaster_event.name_label,,,,Label for disaster event name field
frontend/events/disastereventform.tsx:259,National Disaster ID,,disaster_event.national_disaster_id,,,,Label for national disaster ID
frontend/events/disastereventform.tsx:270,National name,,disaster_event.national_name,,,,Label for the national disaster name field
frontend/events/disastereventform.tsx:275,National disaster name (if any and applicable),,disaster_event.national_name_description,,,,Help text for the national disaster name field
frontend/events/disastereventform.tsx:492,Non-Economic losses,,disaster_event.non_economic_losses,,,,Label for nonâ€‘economic losses field
frontend/events/disastereventform.tsx:424,Which affected areas were covered by the warning?,,disaster_event.official_warning_affected_areas,,,,Label for textarea listing areas covered by the warning
frontend/events/disastereventform.tsx:230,Other assessment,,disaster_event.other_assessment,,,,Label for other assessment
frontend/events/disastereventform.tsx:50,Event ID in other system,,disaster_event.other_id,,,,Label for event ID in another system
frontend/events/disastereventform.tsx:192,Postâ€‘disaster assessment,,disaster_event.post_disaster_assessment,,,,Label for postâ€‘disaster assessment
frontend/events/disastereventform.tsx:153,Rapid/Preliminary assessment,,disaster_event.rapid_preliminary_assessment,,,,Label for rapid or preliminary assessment
frontend/events/disastereventform.tsx:467,Recording institution,,disaster_event.recording_institution,,,,Label for recording institution field
frontend/components/list-page-disasterevents-filters.tsx:93,Recording organization,,disaster_event.recording_organization,,,,Label for recording organization field
frontend/events/disastereventlist.tsx:57,Records Affiliated,,disaster_event.records_affiliated,,,,Label for number of affiliated records field
frontend/events/disastereventform.tsx:620,Recovery needs - total in local currency,,disaster_event.recovery_needs_local_currency_override,,,,Label for recovery needs total in local currency
frontend/events/disastereventform.tsx:590,Rehabilitation costs - total in local currency,,disaster_event.rehabilitation_costs_local_currency_override,,,,Label for rehabilitation costs total in local currency
frontend/events/disastereventform.tsx:600,Repair costs - total in local currency,,disaster_event.repair_costs_local_currency_override,,,,Label for repair costs total in local currency
frontend/events/disastereventform.tsx:610,Replacement costs - total in local currency,,disaster_event.replacement_costs_local_currency_override,,,,Label for replacement costs total in local currency
frontend/events/disastereventform.tsx:542,(Emergency) Response cost - total - in local currency,,disaster_event.response_cost_total_local_currency,,,,Label for emergency response cost total in local currency
frontend/events/disastereventform.tsx:552,(Emergency) Response cost - total - in USD,,disaster_event.response_cost_total_usd,,,,Label for emergency response cost total in USD
frontend/events/disastereventform.tsx:437,Response Operations,,disaster_event.response_operations,,,,Label for response operations field
frontend/events/disastereventform.tsx:532,"Response operations costs (total expenditure, in local currency)",,disaster_event.response_operations_costs_local_currency,,,,"Label for response operations costs field (total expenditure, in local currency)"
frontend/events/disastereventform.tsx:522,(Emergency) Response operations (description),,disaster_event.response_operations_description,,,,Label for response operations description field
frontend/analytics/sectors/sections/Filters.tsx:1027,"Type to search by name, ID, GLIDE number...",,disaster_event.search_by_name_id_glide_placeholder,,,,
frontend/components/list-page-disasterevents-filters.tsx:78,All disaster events,,disaster_event.search_name_placeholder,,,,Placeholder for disaster event name search input
frontend/components/list-page-disasterevents-filters.tsx:102,Search organization,,disaster_event.search_organization_placeholder,,,,Placeholder for organization search input
routes/$lang+/disaster-event+/picker.tsx:25,Select related disaster event,,disaster_event.select_related_disaster_event,,,,Select related disaster event
frontend/events/disastereventform.tsx:329,Start Date in local format,,disaster_event.start_date_local,,,,Label for start date in local format
frontend/events/disastereventlist.tsx:52,Disaster Event UUID,,disaster_event.uuid,,,,Label for disaster event UUID field
frontend/events/disastereventform.tsx:852,Disaster events,,disaster_events,,,,Disaster events
frontend/events/disastereventform.tsx:1095,Disaster events,,disaster_events,,,,Disaster events
frontend/events/disastereventlist.tsx:133,Showing {filtered} of {total} disaster event(s),,disaster_events.showing_filtered_of_total,,,,"Shows how many disaster events are displayed. {filtered} is the number of matching events, {total} is the total number of events."
routes/$lang+/disaster-record+/_index.tsx:111,Add new disaster record,,disaster_record.add,,,,Label for a button that adds new disaster record
frontend/disaster-record/form.tsx:105,Assessments methodologies,,disaster_record.assessment_modes,,,,
frontend/disaster-record/form.tsx:132,Checked by,,disaster_record.checked_by,,,,
routes/$lang+/disaster-record+/_index.tsx:103,{totalItems} disaster records in {instanceName},,disaster_record.count_header,,,,"Header text showing total number of disaster records and instance name. {totalItems} is the number of records, {instanceName} is the name of the current instance."
frontend/disaster-record/form.tsx:141,Data collector,,disaster_record.data_collector,,,,
frontend/disaster-record/form.tsx:95,Field assessment conducted,,disaster_record.field_assessment_date,,,,Label for field assessment conducted date
frontend/disaster-record/form.tsx:67,Local warning and local instructions (recommended actions),,disaster_record.local_warning_instructions,,,,Label for local warning and instructions field
frontend/disaster-record/form.tsx:42,Location Description,,disaster_record.location_description,,,,
frontend/disaster-record/form.tsx:87,Other data sources,,disaster_record.other_data_source,,,,
frontend/disaster-record/form.tsx:77,Primary data source,,disaster_record.primary_data_source,,,,
frontend/disaster-record/form.tsx:113,Recording institution,,disaster_record.recording_institution,,,,
frontend/disaster-record/form.tsx:123,Validated by,,disaster_record.validated_by,,,,
frontend/disaster-record/form.tsx:382,Disaster Records,,disaster_records,,,,
frontend/disaster-record/form.tsx:280,Disaster records,,disaster_records,,,,
routes/$lang+/disaster-record+/_index.tsx:98,Disaster records,,disaster_records,,,,Disaster records
frontend/disaster-record/form.tsx:282,Add disaster records,,disaster_records.add,,,,
frontend/disaster-record/form.tsx:281,Edit disaster records,,disaster_records.edit,,,,
routes/$lang+/disaster-record+/_index.tsx:142,Showing {filtered} of {total} disaster record(s),,disaster_records.showing_filtered_of_total,,,,"Shows how many disaster events are displayed. {filtered} is the number of matching events, {total} is the total number of events."
frontend/analytics/sectors/sections/MostDamagingEvents.tsx:261,Event Name,,event.name,,,,
routes/$lang+/disaster-record+/content-picker-config.tsx:114,No event found,,event.not_found,,,,
frontend/events/hazardeventform.tsx:492,Parent,,event.parent,,,,Label for parent event field
frontend/events/hazardevent-filters.tsx:36,Forecasted,,event_status.forecasted,,,,Label for forecasted hazardous event status
frontend/events/hazardevent-filters.tsx:41,Ongoing,,event_status.ongoing,,,,Label for ongoing hazardous event status
frontend/events/hazardevent-filters.tsx:46,Passed,,event_status.passed,,,,Label for passed hazardous event status
routes/$lang+/examples+/translations+/basic.tsx:33,Example message,,example,,,,Example description
routes/$lang+/examples+/translations+/basic.tsx:16,Example message,,example,,,,Example description
frontend/footer/footer.tsx:66,Privacy policy,,footer.privacy_policy,,,,
frontend/footer/footer.tsx:73,Terms and conditions,,footer.terms_and_conditions,,,,
frontend/footer/footer.tsx:56,"Tracking the costs of disasters is a vital step toward riskâ€‘informed development, and investing in disaster risk reduction.",,footer.tracking_disaster_costs_description,,,,
frontend/events/disastereventform.tsx:1045,Hazardous Event,,hazardous_event,,,,Hazardous Event
frontend/events/disastereventform.tsx:888,Hazardous event,,hazardous_event,,,,Hazardous event
frontend/events/disastereventform.tsx:912,Hazardous Event,,hazardous_event,,,,Hazardous event
frontend/events/disastereventform.tsx:690,Hazardous Event,,hazardous_event,,,,Hazardous Event
routes/$lang+/hazardous-event+/_index.tsx:62,Add new event,,hazardous_event.add,,,,Label for a button that adds new hazardous event.
frontend/events/hazardeventform.tsx:601,Add Hazardous Event caused by this event,,hazardous_event.add_cause,,,,Label for adding a hazardous event caused by another event
frontend/events/hazardeventform.tsx:477,Add hazardous event,,hazardous_event.add_label,,,,Label for adding a new hazardous event
frontend/events/hazardeventform.tsx:117,Attachments,,hazardous_event.attachments,,,,Label for attachments field
frontend/events/hazardeventform.tsx:620,Caused By,,hazardous_event.caused_by,,,,Label for the 'Caused By' relationship
frontend/events/hazardeventform.tsx:633,Causing,,hazardous_event.causing,,,,Label for the list of events caused by this event
frontend/events/hazardeventform.tsx:88,Composite Event - Chains Explanation,,hazardous_event.chains_explanation,,,,Label for chains explanation field
frontend/events/hazardeventform.tsx:175,Data Source,,hazardous_event.data_source,,,,Label for data source field
frontend/events/hazardeventform.tsx:78,Description,,hazardous_event.description,,,,Label for description field
frontend/events/hazardeventform.tsx:482,Edit hazardous event,,hazardous_event.edit_label,,,,Label for editing an existing hazardous event
frontend/events/hazardeventform.tsx:68,End Date,,hazardous_event.end_date,,,,Label for end date field
frontend/events/hazardeventform.tsx:97,Magnitude,,hazardous_event.magnitude,,,,Label for magnitude field
frontend/events/hazardeventform.tsx:48,National specification,,hazardous_event.national_specification,,,,Label for national specification field
frontend/events/hazardeventform.tsx:128,Record Originator,,hazardous_event.record_originator,,,,Label for record originator field
routes/$lang+/hazardous-event+/picker.tsx:28,Select parent for event,,hazardous_event.select_parent,,,,Title for parent event selection
frontend/events/hazardeventform.tsx:106,Spatial Footprint,,hazardous_event.spatial_footprint,,,,Label for spatial footprint field
frontend/events/hazardeventform.tsx:57,Start Date,,hazardous_event.start_date,,,,Label for start date field
frontend/events/hazardeventform.tsx:139,Hazardous Event Status,,hazardous_event.status,,,,Label for hazardous event status field
frontend/events/hazardeventform.tsx:148,Forecasted,,hazardous_event.status.forecasted,,,,Status label: forecasted
frontend/events/hazardeventform.tsx:156,Ongoing,,hazardous_event.status.ongoing,,,,Status label: ongoing
frontend/events/hazardeventform.tsx:164,Passed,,hazardous_event.status.passed,,,,Status label: passed
frontend/events/hazardeventlist.tsx:286,Hazardous Event UUID,,hazardous_event.uuid,,,,Label for the UUID of a hazardous event
routes/$lang+/hazardous-event+/_index.tsx:44,Hazardous events,,hazardous_events,,,,Name for hazardous event records
frontend/events/hazardeventform.tsx:592,Hazardous events,,hazardous_events,,,,Label used in multiple places to refer to these type of records
frontend/events/hazardeventform.tsx:472,Hazardous events,,hazardous_events,,,,Name for hazardous event records
frontend/events/hazardeventlist.tsx:242,Showing {filtered} of {total} hazardous event(s),,hazardous_events.showing_filtered_of_total,,,,"Shows how many hazardous events are displayed. {filtered} is the number of matching events, {total} is the total number of events."
components/EventCounter.tsx:22,{count} hazardous event(s) in {instance},,hazardous_events_count_in_instance,,,,Describes the number of hazardous events in a specific instance. Example: '5 hazardous events in Example Country Instance'.
frontend/events/hazardevent-filters.tsx:222,All clusters,,hip.all_clusters,,,,Option label for filtering all clusters
frontend/events/hazardevent-filters.tsx:185,All hazard types,,hip.all_hazard_types,,,,Option label for filtering all hazard types
frontend/analytics/sectors/sections/ImpactOnSector.tsx:139,All Hazards,,hip.all_hazards,,,,
frontend/events/hazardevent-filters.tsx:205,Cluster,,hip.cluster,,,,Label for cluster filter
frontend/hip/hip.tsx:34,Cluster,,hip.cluster_short,,,,"HIP hazard cluster (in HIP classification context, short)"
frontend/events/hazardevent-filters.tsx:260,Enter hazard name or HIPS ID ...,,hip.enter_hazard_name_or_hips_id,,,,Placeholder text for hazard search input
frontend/analytics/sectors/sections/Filters.tsx:311,Error Processing Hazard Clusters,,hip.error_processing_hazard_clusters,,,,
frontend/analytics/sectors/sections/Filters.tsx:231,Error Processing Hazard Types,,hip.error_processing_hazard_types,,,,
frontend/analytics/sectors/sections/Filters.tsx:397,Error Processing Specific Hazards,,hip.error_processing_specific_hazards,,,,
frontend/analytics/sectors/sections/Filters.tsx:312,Failed to process hazard clusters data. Please try again later.,,hip.failed_to_process_hazard_clusters,,,,
frontend/analytics/sectors/sections/Filters.tsx:232,Failed to process hazard types data. Please try again later.,,hip.failed_to_process_hazard_types,,,,
frontend/analytics/sectors/sections/Filters.tsx:398,Failed to process specific hazards data. Please try again later.,,hip.failed_to_process_specific_hazards,,,,
frontend/events/hazardevent-filters.tsx:386,All event statuses,,hip.filter.all_event_statuses,,,,Option label for filtering all hazardous event statuses
frontend/events/hazardevent-filters.tsx:412,All record statuses,,hip.filter.all_record_statuses,,,,Option label for filtering all record statuses
frontend/events/hazardevent-filters.tsx:432,Apply filters,,hip.filter.apply_filters,,,,Label for apply filters button on hazardous events list page
frontend/events/hazardevent-filters.tsx:439,Clear,,hip.filter.clear,,,,Label for clear filters link on hazardous events list page
frontend/events/hazardevent-filters.tsx:322,From,,hip.filter.from,,,,Label for date range 'From' filter
frontend/events/hazardevent-filters.tsx:374,Hazardous event status,,hip.filter.hazardous_event_status,,,,Label for hazardous event status filter
frontend/events/hazardevent-filters.tsx:404,Record status,,hip.filter.record_status,,,,Label for record status filter
frontend/events/hazardevent-filters.tsx:348,Recording organization,,hip.filter.recording_organization,,,,Label for recording organization filter
frontend/events/hazardevent-filters.tsx:359,Search organization...,,hip.filter.search_organization,,,,Placeholder for searching organizations in filter
frontend/events/hazardevent-filters.tsx:335,To,,hip.filter.to,,,,Label for date range 'To' filter
frontend/hip/hazardpicker.tsx:130,Filter By Hazard Name,,hip.filter_by_hazard_name,,,,Label for hazard name filter field in HIP
frontend/hip/hazardpicker.tsx:159,Filter by hazard name,,hip.filter_by_hazard_name_placeholder,,,,Placeholder for hazard name filter input
frontend/disaster-record/form.tsx:185,Hazard,,hip.hazard,,,,HIP Hazard
frontend/disaster-record/form.tsx:402,Hazard,,hip.hazard,,,,
frontend/hip/hip.tsx:16,Hazard classification,,hip.hazard_classification,,,,Title for the HIP hazard classification section
frontend/disaster-record/form.tsx:320,Hazard classification,,hip.hazard_classification,,,,HIP Hazard classification
frontend/events/disastereventform.tsx:956,Hazard classification,,hip.hazard_classification,,,,Hazard classification
frontend/events/hazardeventform.tsx:526,Hazard classification,,hip.hazard_classification,,,,Label for hazard classification field
frontend/analytics/hazards/sections/HazardFilters.tsx:164,Hazard Cluster,,hip.hazard_cluster,,,,
frontend/analytics/sectors/sections/ImpactOnSector.tsx:134,Hazard Cluster,,hip.hazard_cluster,,,,
frontend/hip/hazardpicker.tsx:212,Hazard Cluster,,hip.hazard_cluster,,,,Label for hazard cluster field
frontend/hip/hip.tsx:43,Hazard,,hip.hazard_short,,,,"HIP hazard name (in HIP classification context, short)"
frontend/analytics/sectors/sections/ImpactOnSector.tsx:137,Hazard Type,,hip.hazard_type,,,,
frontend/events/hazardeventlist.tsx:270,Hazard type,,hip.hazard_type,,,,Label for hazard type
frontend/hip/hazardpicker.tsx:171,Hazard Type,,hip.hazard_type,,,,Label for hazard type field
frontend/events/hazardevent-filters.tsx:166,Hazard type,,hip.hazard_type,,,,Label for hazard type
frontend/analytics/hazards/sections/HazardFilters.tsx:137,Hazard Type,,hip.hazard_type,,,,
frontend/hip/hazardpicker.tsx:237,Select Cluster,,hip.select_cluster,,,,Placeholder option text for hazard cluster selection in HIP
frontend/hip/hazardpicker.tsx:279,Select Hazard,,hip.select_hazard,,,,Placeholder option text for specific hazard selection in HIP
frontend/analytics/hazards/sections/HazardFilters.tsx:149,Select a hazard type,,hip.select_hazard_type,,,,
frontend/hip/hazardpicker.tsx:193,Select Type,,hip.select_type,,,,Placeholder option text for hazard type selection in HIP
frontend/hip/hazardpicker.tsx:257,Specific Hazard,,hip.specific_hazard,,,,Label for specific hazard field in HIP
frontend/events/hazardevent-filters.tsx:240,Specific hazard,,hip.specific_hazard,,,,Label for specific hazard filter
frontend/analytics/sectors/sections/ImpactOnSector.tsx:131,Specific Hazard,,hip.specific_hazard,,,,
frontend/hip/hip.tsx:25,Type,,hip.type_short,,,,"HIP hazard type (in HIP classification context, short)"
routes/$lang+/disaster-record+/edit.$id.tsx:268,Human Effects,,human_effects,,,,
routes/$lang+/disaster-record+/edit.$id.tsx:296,Affected (Old DesInventar),,human_effects.affected_old_desinventar,,,,Human Effects Affected (DesInventar is an older system used for tracking disaster data)
routes/$lang+/disaster-record+/edit.$id.tsx:307,Deaths,,human_effects.deaths,,,,
routes/$lang+/disaster-record+/edit.$id.tsx:325,Directly,,human_effects.directly_affected,,,,
routes/$lang+/disaster-record+/edit.$id.tsx:337,Displaced,,human_effects.displaced,,,,
routes/$lang+/disaster-record+/edit.$id.tsx:331,Indirectly,,human_effects.indirectly_affected,,,,
routes/$lang+/disaster-record+/edit.$id.tsx:313,Injured,,human_effects.injured,,,,
routes/$lang+/disaster-record+/edit.$id.tsx:319,Missing,,human_effects.missing,,,,
frontend/header/header.tsx:290,About,,nav.about,,,,
frontend/header/header.tsx:129,About,,nav.about,,,,
frontend/header/header.tsx:140,About the system,,nav.about_the_system,,,,
frontend/header/header.tsx:301,About the system,,nav.about_the_system,,,,
routes/$lang+/settings/nav.tsx:42,About the System,,nav.about_the_system,,,,
frontend/header/header.tsx:130,About Us,,nav.about_us,,,,
frontend/header/header.tsx:291,About Us,,nav.about_us,,,,
frontend/header/header.tsx:325,Access Management,,nav.access_management,,,,
routes/$lang+/settings/nav.tsx:35,Access management,,nav.access_management,,,,
frontend/header/header.tsx:348,Account,,nav.account,,,,
frontend/header/header.tsx:108,Analysis,,nav.analysis,,,,
frontend/header/header.tsx:117,Analysis,,nav.analysis,,,,
frontend/header/header.tsx:274,Analysis,,nav.analysis,,,,
frontend/header/header.tsx:278,Analysis,,nav.analysis,,,,
frontend/header/header.tsx:113,Analysis,,nav.analysis,,,,
frontend/header/header.tsx:270,Analysis,,nav.analysis,,,,
frontend/header/header.tsx:269,Analysis,,nav.analysis,,,,
frontend/header/header.tsx:109,Analysis,,nav.analysis,,,,
frontend/header/header.tsx:282,Disaster Events,,nav.analysis.disaster_events,,,,
frontend/header/header.tsx:121,Disaster Events,,nav.analysis.disaster_events,,,,
frontend/header/header.tsx:281,Hazards,,nav.analysis.hazards,,,,
frontend/header/header.tsx:120,Hazards,,nav.analysis.hazards,,,,
frontend/header/header.tsx:280,Sectors,,nav.analysis.sectors,,,,
frontend/header/header.tsx:119,Sectors,,nav.analysis.sectors,,,,
frontend/header/header.tsx:329,API Keys,,nav.api_keys,,,,
frontend/header/header.tsx:334,Assets,,nav.assets,,,,
frontend/header/header.tsx:330,Assets,,nav.assets,,,,
frontend/header/header.tsx:354,Change Email,,nav.change_email,,,,
frontend/header/header.tsx:359,Change Email,,nav.change_email,,,,
frontend/header/header.tsx:200,Change password,,nav.change_password,,,,
frontend/header/header.tsx:353,Change Password,,nav.change_password,,,,
frontend/header/header.tsx:243,Data,,nav.data,,,,
frontend/header/header.tsx:75,Data,,nav.data,,,,
frontend/header/header.tsx:76,Data management,,nav.data_management,,,,
frontend/header/header.tsx:244,Data management,,nav.data_management,,,,
frontend/header/header.tsx:255,Disaster events,,nav.disaster_events,,,,
routes/$lang+/settings/nav.tsx:21,Disaster Events,,nav.disaster_events,,,,
frontend/header/header.tsx:91,Disaster events,,nav.disaster_events,,,,
frontend/header/header.tsx:261,Disaster records,,nav.disaster_records,,,,
frontend/header/header.tsx:100,Disaster records,,nav.disaster_records,,,,
frontend/header/header.tsx:252,Events,,nav.events,,,,
frontend/header/header.tsx:84,Events,,nav.events,,,,
frontend/header/header.tsx:248,Events and records,,nav.events_and_records,,,,
frontend/header/header.tsx:80,Events and records,,nav.events_and_records,,,,
frontend/header/header.tsx:295,General,,nav.general,,,,
frontend/header/header.tsx:134,General,,nav.general,,,,
frontend/header/header.tsx:299,General,,nav.general,,,,
frontend/footer/footer.tsx:27,General,,nav.general,,,,
frontend/header/header.tsx:138,General,,nav.general,,,,
routes/$lang+/settings/nav.tsx:33,Geographic levels,,nav.geographic_levels,,,,
frontend/header/header.tsx:327,Geographic levels,,nav.geographic_levels,,,,
frontend/header/header.tsx:254,Hazardous events,,nav.hazardous_events,,,,
frontend/header/header.tsx:87,Hazardous events,,nav.hazardous_events,,,,
routes/$lang+/settings/nav.tsx:20,Hazards,,nav.hazards,,,,
frontend/header/header.tsx:318,Main settings,,nav.main_settings,,,,
frontend/header/header.tsx:304,Methodologies,,nav.methodologies,,,,
frontend/footer/footer.tsx:43,Methodologies,,nav.methodologies,,,,
frontend/header/header.tsx:143,Methodologies,,nav.methodologies,,,,
routes/$lang+/settings/nav.tsx:45,Methodologies,,nav.methodologies,,,,
routes/$lang+/settings/nav.tsx:36,Organizations,,nav.organizations,,,,
frontend/header/header.tsx:303,Partners,,nav.partners,,,,
frontend/footer/footer.tsx:38,Partners,,nav.partners,,,,
frontend/header/header.tsx:142,Partners,,nav.partners,,,,
routes/$lang+/settings/nav.tsx:44,Partners,,nav.partners,,,,
frontend/header/header.tsx:259,Records,,nav.records,,,,
frontend/header/header.tsx:98,Records,,nav.records,,,,
routes/$lang+/settings/nav.tsx:34,Sectors,,nav.sectors,,,,
routes/$lang+/settings/nav.tsx:28,Sectors,,nav.sectors,,,,
routes/$lang+/settings/nav.tsx:19,Sectors,,nav.sectors,,,,
frontend/header/header.tsx:333,Sectors,,nav.sectors,,,,
frontend/header/header.tsx:328,Sectors,,nav.sectors,,,,
frontend/header/header.tsx:313,Settings,,nav.settings,,,,
frontend/header/header.tsx:152,Sign in,,nav.sign_in,,,,
frontend/header/header.tsx:183,Sign out,,nav.sign_out,,,,
frontend/header/header.tsx:367,Sign out,,nav.sign_out,,,,
frontend/header/header.tsx:232,Sign out,,nav.sign_out,,,,
frontend/header/header.tsx:184,Super Admin Logout,,nav.super_admin_logout,,,,
frontend/header/header.tsx:305,Support,,nav.support,,,,
frontend/footer/footer.tsx:48,Support,,nav.support,,,,
routes/$lang+/settings/nav.tsx:46,Support,,nav.support,,,,
frontend/header/header.tsx:144,Support,,nav.support,,,,
frontend/header/header.tsx:322,System,,nav.system,,,,
frontend/header/header.tsx:326,System settings,,nav.system_settings,,,,
routes/$lang+/settings/nav.tsx:32,System settings,,nav.system_settings,,,,
frontend/header/header.tsx:302,Technical specifications,,nav.technical_specifications,,,,
frontend/header/header.tsx:141,Technical specifications,,nav.technical_specifications,,,,
frontend/footer/footer.tsx:32,Technical specifications,,nav.technical_specifications,,,,
routes/$lang+/settings/nav.tsx:43,Technical Specifications,,nav.technical_specifications,,,,
frontend/header/header.tsx:206,TOTP (2FA),,nav.totp_2fa,,,,
frontend/header/header.tsx:344,User,,nav.user,,,,
frontend/header/header.tsx:314,User and System Settings,,nav.user_and_system_settings,,,,
frontend/header/header.tsx:153,User Sign in,,nav.user_sign_in,,,,
frontend/header/header.tsx:368,User sign out,,nav.user_sign_out,,,,
frontend/header/header.tsx:233,User sign out,,nav.user_sign_out,,,,
frontend/header/header.tsx:338,Your profile,,nav.your_profile,,,,
routes/$lang+/disaster-record+/edit.$id.tsx:802,Non-economic Losses,,non_economic_losses,,,,
routes/$lang+/disaster-record+/edit.$id.tsx:829,Category,,non_economic_losses.category,,,,Category
routes/$lang+/disaster-record+/edit.$id.tsx:836,Description,,non_economic_losses.description,,,,Description
frontend/pagination/view.tsx:116,"Current page, page {page_number}",,pagination.current_page,,,,"Announcement of current page in pagination, {page_number} will be replaced with the actual page number"
frontend/pagination/view.tsx:131,Page {page_number},,pagination.go_to_page,,,,"Aria label for link to a specific page, {page_number} will be replaced with the actual page number"
frontend/pagination/view.tsx:168,{count} / page,,pagination.items_per_page,,,,Label for number of items per page in pagination dropdown. {count} will be replaced with the number.
frontend/pagination/view.tsx:84,Pagination,,pagination.label,,,,Aria label for pagination section
frontend/pagination/view.tsx:151,Next page,,pagination.next_page,,,,Aria label for next page link in pagination
frontend/pagination/view.tsx:96,Previous page,,pagination.previous_page,,,,Aria label for previous page link in pagination
routes/$lang+/disaster-record+/_index.tsx:86,Actions,,record.actions,,,,Actions that could be performed on these records
frontend/components/delete-dialog.tsx:121,Do not delete,,record.cancel_delete,,,,Label for the cancel delete button
frontend/events/hazardeventlist.tsx:293,Created,,record.created,,,,Label for the creation date of a record
frontend/events/hazardeventform.tsx:658,Created at,,record.created_at,,,,Label for creation timestamp
routes/$lang+/analytics+/disaster-events.tsx:697,Data Source,,record.data_source,,,,
frontend/components/delete-dialog.tsx:106,Are you sure you want to delete this record?,,record.delete_confirmation,,,,Confirmation message shown when deleting a record
frontend/components/delete-dialog.tsx:111,This data cannot be recovered after being deleted.,,record.delete_confirmation_message,,,,Message explaining that deleted data cannot be recovered
frontend/components/delete-dialog.tsx:116,Delete permanently,,record.delete_permanently,,,,Label for the permanent delete confirmation button
frontend/events/hazardeventlist.tsx:41,Edit,,record.edit,,,,Label for edit action
frontend/form.tsx:1423,ID,,record.id,,,,Label for record ID Field
components/ListLegend.tsx:25,Draft,,record.legend.draft,,,,"Label for draft status in legend, used across record types"
components/ListLegend.tsx:53,Needs revision,,record.legend.needs_revision,,,,"Label for needs revision status in legend, used across record types"
components/ListLegend.tsx:80,Published,,record.legend.published,,,,"Label for published status in legend, used across record types"
components/ListLegend.tsx:67,Validated,,record.legend.validated,,,,"Label for validated status in legend, used across record types"
components/ListLegend.tsx:39,Waiting for validation,,record.legend.waiting_for_validation,,,,"Label for waiting for validation status in legend, used across record types"
frontend/events/hazardeventlist.tsx:366,No records found,,record.none_found,,,,Message displayed when no records are found
frontend/components/list-page-disasterevents-filters.tsx:169,Select record status,,record.select_status,,,,Label for record status selection
frontend/components/DisasterRecordsFilter.tsx:265,Select record status,,record.select_status,,,,
frontend/spatialFootprintView.tsx:109,Spatial Footprint,,record.spatial_footprint,,,,Label for spatial footprint
frontend/spatialFootprintView.tsx:29,Spatial Footprint,,record.spatial_footprint,,,,Label for spatial footprint
frontend/spatialFootprintView.tsx:141,Spatial Footprint,,record.spatial_footprint,,,,Label for spatial footprint
frontend/spatialFootprintFormView.tsx:74,Spatial Footprint,,record.spatial_footprint,,,,
frontend/spatialFootprintView.tsx:131,Map Preview,,record.spatial_footprint.map_preview,,,,Label for map preview
routes/$lang+/disaster-record+/_index.tsx:55,Record Status,,record.status,,,,
frontend/components/list-page-disasterevents-filters.tsx:160,Record Status,,record.status,,,,Label for record status field
frontend/events/disastereventlist.tsx:45,Record Status,,record.status,,,,Label for record status field
routes/$lang+/disaster-record+/_index.tsx:59,Record UUID,,record.status,,,,Record UUID (UUID is specific type of ID)
frontend/components/DisasterRecordsFilter.tsx:252,Record Status,,record.status,,,,
frontend/events/hazardeventlist.tsx:278,Record Status,,record.status_label,,,,Label for record status column in table
components/ListLegend.tsx:12,Record status,,record.status_label,,,,"Label for record status, used across different record types"
frontend/events/hazardeventlist.tsx:308,Actions,,record.table.actions,,,,Label for the actions column in record tables
frontend/events/hazardeventlist.tsx:300,Updated,,record.updated,,,,Label for the last updated date of a record
frontend/events/hazardeventform.tsx:667,Updated at,,record.updated_at,,,,Label for last updated timestamp
frontend/events/hazardeventlist.tsx:58,View,,record.view,,,,Label for view action
frontend/events/hazardevent-filters.tsx:56,Draft,,record_status.draft,,,,Label for draft record status
frontend/events/hazardevent-filters.tsx:66,Needs revision,,record_status.needs_revision,,,,Label for needs revision record status
frontend/events/hazardevent-filters.tsx:76,Published,,record_status.published,,,,Label for published record status
frontend/events/hazardevent-filters.tsx:71,Validated,,record_status.validated,,,,Label for validated record status
frontend/events/hazardevent-filters.tsx:61,Waiting for validation,,record_status.waiting_for_validation,,,,Label for waiting for validation record status
frontend/data_screen.tsx:127,Resource actions,,resource_actions,,,,"Label for the group of actions (Add new, Export, Import, etc.) on list pages"
frontend/components/DisasterRecordsFilter.tsx:281,Sector,,sector,,,,
routes/$lang+/disaster-record+/edit.$id.tsx:586,Sector Effects,,sector_effects,,,,
routes/$lang+/disaster-record+/edit.$id.tsx:661,Cost,,sector_effects.cost,,,,
routes/$lang+/disaster-record+/edit.$id.tsx:649,Cost,,sector_effects.cost,,,,
routes/$lang+/disaster-record+/edit.$id.tsx:637,Damage,,sector_effects.damage,,,,
routes/$lang+/disaster-record+/edit.$id.tsx:609,Damage,,sector_effects.damage,,,,
routes/$lang+/disaster-record+/edit.$id.tsx:667,Disruption,,sector_effects.disruption,,,,
routes/$lang+/disaster-record+/edit.$id.tsx:615,Losses,,sector_effects.losses,,,,
routes/$lang+/disaster-record+/edit.$id.tsx:655,Losses,,sector_effects.losses,,,,
routes/$lang+/disaster-record+/edit.$id.tsx:643,Recovery Cost,,sector_effects.recovery_cost,,,,
routes/$lang+/disaster-record+/edit.$id.tsx:631,Sector,,sector_effects.sector,,,,
frontend/components/DisasterRecordsFilter.tsx:294,All sectors,,sectors.all,,,,
frontend/components/DisasterRecordsFilter.tsx:324,Select sub sector,,sectors.select_sub_sector,,,,
frontend/components/DisasterRecordsFilter.tsx:310,Sub sector,,sectors.sub_sector,,,,
frontend/events/disastereventform.tsx:651,Spatial Footprint,,spatial_footprint,,,,Spatial footprint
frontend/disaster-record/form.tsx:159,Spatial Footprint,,spatial_footprint,,,,
frontend/spatialFootprintFormView.tsx:190,Geographic Level,,spatial_footprint.geographic_level,,,,
frontend/spatialFootprintFormView.tsx:113,Geographic Level,,spatial_footprint.geographic_level,,,,
frontend/spatialFootprintFormView.tsx:291,Geographic levels,,spatial_footprint.geographic_levels,,,,Label for geographic levels root caption
frontend/spatialFootprintFormView.tsx:146,Item Type,,spatial_footprint.item_type,,,,Label for type of item to display in spatial footprint
components/ContentRepeater/index.tsx:1642,Lat,,spatial_footprint.latitude,,,,Label for latitude value (short)
components/CustomMap.tsx:823,Loading map data...,,spatial_footprint.loading_map_data,,,,
components/ContentRepeater/index.tsx:1646,Lng,,spatial_footprint.longitude,,,,Label for longitude value (short)
frontend/spatialFootprintFormView.tsx:102,Map Coordinates,,spatial_footprint.map_coordinates,,,,
frontend/spatialFootprintFormView.tsx:180,Map Coordinates,,spatial_footprint.map_coordinates,,,,
components/SpatialFootprintMapViewer.tsx:295,Map Preview,,spatial_footprint.map_preview,,,,Map Preview (button label)
components/ContentRepeater/index.tsx:1577,Open Map,,spatial_footprint.open_map,,,,Label for open map button
components/ContentRepeater/index.tsx:1419,Preview Map,,spatial_footprint.preview_map,,,,Label for preview map button
frontend/spatialFootprintFormView.tsx:286,Select Geographic level,,spatial_footprint.select_geographic_level,,,,Label for selecting geographic level
frontend/spatialFootprintFormView.tsx:260,Select Geographic level,,spatial_footprint.select_geographic_level,,,,Label for selecting geographic level
